id	part
107001	ゲスト
107002	ＷＡＣＣＡ
107003	ウェルカム
107004	マルチプレイ
107005	準備
107006	週刊
107007	ボカロ
107008	２．５次元
107009	ＰＯＰ
107010	アニソン
107011	俺たち
107012	ＲＥＤＡＬｉＣＥ
107013	ｔ＋ｐａｚｏｌｉｔｅ
107014	ＵＳＡＯ
107015	Ｐ＊Ｌｉｇｈｔ
107016	ＤＪ　Ｇｅｎｋｉ
107017	ＤＪ　Ｎｏｒｉｋｅｎ
107018	ＭＮＫ
107019	ＤＪ　Ｍｙｏｓｕｋｅ
107020	Ｋｏｂａｒｙｏ
107021	ａｒａｎ
107022	源屋
107023	ハードコア
107024	ハードコアタノシー
107025	Ｓｒａｖ３Ｒ
107026	Ｇｅｔｔｙ
107027	Ｌａｕｒ
107028	対人戦
107029	平和
107030	この体
107031	ボク
107032	素人
107033	俺たちの戦い
107034	アクセサリー
107035	スピード
107036	飽きるまで
107037	早よ
107038	くぅ～
107039	地獄
107040	「Ｓ」以上
107041	精度
107042	地獄の沙汰
107043	ヾ(ﾟДﾟ)ノ
107044	特別号
107045	月刊
107046	お年
107047	お豆
107048	チョコ
107049	うそはうそであると見抜ける人でないと
107050	ゴールド
107051	七夕
107052	百鬼
107053	クリスマス
107054	北海道
107055	青森県
107056	岩手県
107057	宮城県
107058	秋田県
107059	山形県
107060	福島県
107061	茨城県
107062	栃木県
107063	群馬県
107064	埼玉県
107065	千葉県
107066	東京都
107067	神奈川県
107068	新潟県
107069	富山県
107070	石川県
107071	福井県
107072	山梨県
107073	長野県
107074	岐阜県
107075	静岡県
107076	愛知県
107077	三重県
107078	滋賀県
107079	京都府
107080	大阪府
107081	兵庫県
107082	奈良県
107083	和歌山県
107084	鳥取県
107085	島根県
107086	岡山県
107087	広島県
107088	山口県
107089	徳島県
107090	香川県
107091	愛媛県
107092	高知県
107093	福岡県
107094	佐賀県
107095	長崎県
107096	熊本県
107097	大分県
107098	宮崎県
107099	鹿児島県
107100	沖縄県
107101	北海道
107102	東北
107103	関東
107104	中部
107105	近畿
107106	中国
107107	四国
107108	九州
107109	沖縄
107110	全クリ
107111	はじめました
107112	ワッカ！
107113	満タンです
107114	誘ってください
107115	オタク
107116	大好き
107117	タノシー
107118	強いやつ
107119	指紋
107120	ワッカ
107121	スペシャル
107122	達人王
107123	マスター
107124	愛好家
107125	マイスター
107126	プレイヤー
107127	舞台！
107128	ファン
107129	好きなんです
107130	主義者
107131	なじんできた
107132	強いかも
107133	思います
107134	マニア
107135	狂
107136	粘着
107137	決めて
107138	疲れましたｗ
107139	甲子園
107140	ホントのクリア
107141	鬼
107142	Ｓ次第
107143	消えた
107144	入れちゃいます
107145	中毒者
107146	です
107147	恵方巻き食べます
107148	ちらし寿司食べます
107149	信じた…
107150	ＷＡＣＣＡ週間でもある
107151	願いを
107152	行ってきました
107153	制覇！
107154	人！
107155	まだ
107156	から
107157	に
107158	の
107159	が
107160	と
107161	以外
107162	でも
107163	は
107164	ついに
107165	サントラ
107166	始まる…
107167	目がない
107168	には
107169	そして
107170	そこで
107171	それで
107172	さらに
107173	それに
107174	しかも
107175	ただし
107176	する
107177	すると
107178	ところ
107179	また
107180	または
107181	および
107182	同じく
107183	ながら
107184	たり
107185	とか
107186	や
107187	やら
107188	か
107189	なり
107190	しか
107191	のみ
107192	まで
107193	なお
107194	まさに
107195	して
107196	だが
107197	しかし
107198	やがて
107199	さて
107200	むしろ
107201	いっそ
107202	まして
107203	もし
107204	かりに
107205	たとえ
107206	たら
107207	なら
107208	ては
107209	のに
107210	まさか
107211	しては
107212	つまり
107213	だから
107214	よって
107215	ゆえに
107216	では
107217	いわば
107218	ので
107219	ために
107220	だけに
107221	からの
107222	トゥ
107223	ファミリー
107224	兄貴
107225	家族
107226	仲間
107227	軍団
107228	メンバー
107229	兄弟
107230	推し
107231	ダチ
107232	フレンズ
107233	先生
107234	家
107235	信者
107236	会いに来た
107237	にも
107238	ちょっと
107239	黙っとれ
107240	始まったばかりだ
107241	も
107242	＜
107243	わっか
107244	玉！！
107245	まき
107246	など
107247	いらん！
107248	ひな
107249	祭り
107250	難しい
107251	ラッシュ
107252	（笑）
107253	夜行
107254	予定なし
107255	といえば
107256	じゃがいも
107257	りんご
107258	わんこそば
107259	牛タン
107260	きりたんぽ
107261	いも煮
107262	ズワイガニ
107263	納豆
107264	ギョウザ
107265	こんにゃく
107266	ネギ
107267	ピーナッツ
107268	もんじゃ
107269	かまぼこ
107270	こしひかり
107271	白エビ
107272	寒ブリ
107273	水ようかん
107274	ほうとう
107275	信州そば
107276	赤かぶ
107277	お茶
107278	味噌カツ
107279	伊勢海老
107280	鮒寿司
107281	八つ橋
107282	たこやき
107283	神戸牛
107284	奈良漬け
107285	はっさく
107286	梨
107287	出雲そば
107288	きびだんご
107289	尾道ラーメン
107290	レンコン
107291	すだち
107292	うどん
107293	みかん
107294	かつお節
107295	博多ラーメン
107296	海苔
107297	ちゃんぽん
107298	赤なす
107299	かぼちゃ
107300	マンゴー
107301	さつまあげ
107302	ルートビア
107303	君主！
107304	王子！
107305	制覇！
107306	討伐！
107307	大名！
107308	覇者！
107309	魔王！
107310	帝王！
107311	統一！
107312	しました
107313	ＳＳ以上
107314	マジのクリア
107315	ＳＳＳ
107316	認めない
107317	おまえ
107318	ナンバーワンだ
107319	永久
107320	機関
107321	ムズイ曲
107322	爆発しろ！
107323	君ワッカ
107324	うまいねぇ
107325	初めて
107326	フルコンボ
107327	もうちょい
107328	あと一歩
107329	私のレベル
107330	…１０だ！
107331	十分
107332	強い
107333	アビバビジャッパ
107334	君
107335	とならば
107336	Ever…
107337	一本
107338	デカい！
107339	世界、滲ますな！
107340	滲まんのかーい！
107341	アモアモ
107342	アモアモ
107343	アアモオジィｫﾞｵﾞｨ
107344	これがタノシー
107345	やり方か～
107346	タノシー
107347	いいぞ
107348	幻想郷
107349	住人
107350	円を描く
107351	程度の能力
107352	インテリジェント
107353	な
107354	スーパーＡＩ
107355	すごい。
107356	これぞ
107357	シンギュラリティ。
107358	走るんだよ！！
107359	おじじ！！
107360	WACCA S ステージI
107361	WACCA S ステージII
107362	WACCA S ステージIII
107363	WACCA S ステージIV
107364	WACCA S ステージV
107365	WACCA S ステージVI
107366	WACCA S ステージVII
107367	WACCA S ステージVIII
107368	WACCA S ステージIX
107369	WACCA S ステージX
107370	WACCA S ステージXI
107371	WACCA S ステージXII
107372	WACCA S ステージXIII
107373	クリア！
107374	ＷＡＣＣＡ Ｓ
107375	オープン
107376	ゲート
107377	今日
107378	今日とて
107379	初陣
107380	大成功
107381	おれたちの戦い
107382	これからだ！
107383	ネクスト
107384	ステージ
107385	ワッカ
107386	エス
107387	サバイバー
107388	スピリッツ
107389	シンドローム
107390	スーパー
107391	スター
107392	エスプレッソ
107393	マシン
107394	ガチ勢
107395	わし
107396	育てた
107397	ココロ
107398	シンクロする
107399	Ｌｅｔ Ｙｏｕ
107400	ダイブ！
107401	依存症
107402	わたしのＷＰ
107403	９９９９です
107404	すべて
107405	ＷＡＣＣＡ！
107406	最
107407	高
107408	真の姿
107409	お見せしよう
107410	宇宙の法則
107411	乱れる！
107412	最深部
107413	ようこそ
107414	ザ
107415	ｔｈｅ
107416	を
107417	へ
107418	アミューズメント
107419	大好きマン
107420	限界
107421	突破
107422	伝説の
107423	ＷＡＣＣＡ
107424	ＭＡＳＴＥＲ
107425	そらとも
107426	止まらねぇぞ♪
107427	共に創る
107428	開拓者
107429	走り続ける
107430	物語
107431	ホロライブ
107432	奇跡を起こす
107433	祀られる
107434	風の
107435	人間
107436	Ｓ+級
107437	カレー
107438	Ｉ
107439	♥
107440	グルコス
107441	烈風
107442	守護龍
107443	Ｓｔａｒｌｉｇｈｔ Ｒｏａｄ
107444	鼓動
107445	Ｋｉｎｇ
107446	ＢＵＣＨｉＧｉＲＥ
107447	Ｇｏｄ
107448	 
107449	(ＷＡＣＣＡを使うのは)
107450	不器用
107451	ドＳ担当
107452	生粋ゲーマー
107453	ツンデレ担当
107454	キッズアニメファン
107455	妹担当
107456	妄想暴走
107457	お姉さん担当
107458	男の娘
107459	アイドル担当
107460	興奮しがち
107461	店長
107462	ガチツンデレ
107463	キッチン担当
107464	銀髪
107465	堕天使
107466	完璧な男
107467	天使
107468	光輪
207001	WACCA Lily ステージI
207002	WACCA Lily ステージII
207003	WACCA Lily ステージIII
207004	WACCA Lily ステージIV
207005	WACCA Lily ステージV
207006	WACCA Lily ステージVI
207007	WACCA Lily ステージVII
207008	WACCA Lily ステージVIII
207009	WACCA Lily ステージIX
207010	WACCA Lily ステージX
207011	WACCA Lily ステージXI
207012	WACCA Lily ステージXII
207013	WACCA Lily ステージXIII
207014	WACCA Lily ステージXIV
207015	WACCA Lily
207016	千里の道
207017	一歩から
207018	疾風
207019	怒濤
207020	不撓
207021	不屈
207022	解禁勢
207023	遊びじゃないんだよ！！
207024	生き甲斐
207025	フロンティア
207026	申し子
207027	リリィ
207028	ストロンガー
207029	覇者
207030	考えるな
207031	感じろ
207032	今の俺
207033	強すぎるよ
207034	狂気の沙汰
207035	ほど
207036	面白い
207037	継続
207038	力なり
207039	まだだ！
207040	まだ終わっていない！！
207041	永永
207042	無窮
207043	支配者
207044	WACCA Lily 紺レート
207045	WACCA Lily 黄レート
207046	WACCA Lily 赤レート
207047	WACCA Lily 紫レート
207048	WACCA Lily 青レート
207049	WACCA Lily 銀レート
207050	WACCA Lily 金レート
207051	WACCA Lily 虹レート
207052	達成！
207053	赤
207054	独壇場
207055	青
207056	逃げろ
207057	黄
207058	0
207059	灰色
207060	闇
207061	消えない！
207062	神曲
207063	良曲
207064	で
207065	いこう
207066	冬
207067	ラーメン
207068	春
207069	冷やし中華
207070	夏
207071	そば
207072	秋
207073	インターネット
207074	つながりました！
207075	元気
207076	おじさん
207077	デジタル
207078	お絵描きマン
207079	ﾁｮｯﾄﾃﾞｷﾙ
207080	1桁
207081	3桁
207082	公式スタンプ
207083	40種類
207084	しますね
207085	お前
207086	俺か
207087	Good
207088	消す方法
207089	Great
207090	・・・
207091	深いな
207092	Miss
207093	消えるのか？
207094	Marvelous
207095	！
207096	スマホでも
207097	弄ってるわけ？
207098	明日
207099	わざと
207100	やってんの?
207101	I'm
207102	 with 
207103	U
207104	Let's
207105	Dive…
207106	歴史
207107	学ぶ
207108	レバニラ
207109	好き？
207110	焼肉
207111	定食
207112	部
207113	おいしい
207114	譜面
207115	判定
207116	-1
207117	玄人
207118	AM
207119	朝
207120	1
207121	2
207122	you
207123	Sun
207124	3
207125	産
207126	まだまだ
207127	行けるよね？
207128	カレーライス
207129	好き
207130	有象
207131	無象
207132	わからない
207133	ゲーセン
207134	常連
207135	ハピなる
207136	な～る☆
207137	ありがとう
207138	かしこまっ！
207139	キラッと☆
207140	えもい
207141	一輪花
207142	リトル
207143	・
207144	ルーキー
207145	ヘスティア
207146	ファミリア
207147	寡黙
207148	剣姫
207149	パーティー
207150	ぺーこ
207151	ぺこ
207152	ぺこ
207153	野うさぎ同盟
207154	エリート
207155	巫女
207156	35P
207157	おはこんですよー
207158	(^・ω・^§)ﾉ
207159	すこん部
207160	すいちゃん
207161	今日もかわいいー！
207162	星詠み
207163	Good Night,
207164	Bad God.
207165	God 
207166	more 
207167	raves?
207168	CHAIN 
207169	CHAIN 
207170	CHAIN GOD!!!
207171	QiXiN 
207172	MAdN3ss 
207173	2153 God
207174	チキン
207175	別腹
207176	メメント
207177	モチ
207178	無限
207179	空へ
207180	心理
207181	解放
207182	愛くるしき
207183	怪猫
207184	憎悪
207185	化身
207186	宇宙
207187	誕生
207188	そと
207189	何個
207190	もらった？
207191	あられ
207192	お姉さま
207193	一緒
207194	わたしはあなた
207195	人気DJ
207196	学園生活
207197	花見
207198	はる
207199	アツ
207200	い
207201	なつ
207202	エモ
207203	あき
207204	クール
207205	ふゆ
207206	サイン
207207	コサイン
207208	タンジェント
207209	大量の
207210	みかんの
207211	箱
207212	るくあんす
207213	is
207214	…？
207215	デッカイ
207216	ノーツ
207217	滅するべし
207218	偉大
207219	先人
207220	後発
207221	負けません！
207222	許すな
207223	なんて
207224	言えない
207225	4時間
207226	余裕でした
207227	取る
207228	のではなく
207229	取らせる
207230	1日
207231	1譜面
207232	LR
207233	これで
207234	いける
207235	ポップ
207236	ステップ
207237	シュート！
207238	デフォルトSE
207239	？
207240	良くある
207241	判定
207242	経験が生きたな
207243	カラー
207244	いっぱい！
207245	たまに
207246	ステージアップ！
207247	高レート
207248	憧れちゃうなー
207249	解禁条件
207250	ほう、
207251	そんなのもあるのか
207252	ゲートミッション
207253	忘れちゃうよね
207254	リサイクルボックス
207255	ではない
207256	これは
207257	4
207258	プレイで達成しました
207259	難易度
207260	5
207261	＋あるかもね
207262	ステージアップ
207263	6
207264	いけそうです
207265	ズッ友！
207266	WACCA Lily R
207267	今シーズン
207268	折り返し
207269	走る
207270	走る
207271	WACCAer
207272	紛うことなき
207273	廃人
207274	WACCA Lily R ステージI
207275	WACCA Lily R ステージII
207276	WACCA Lily R ステージIII
207277	WACCA Lily R ステージIV
207278	WACCA Lily R ステージV
207279	WACCA Lily R ステージVI
207280	WACCA Lily R ステージVII
207281	WACCA Lily R ステージVIII
207282	WACCA Lily R ステージIX
207283	WACCA Lily R ステージX
207284	WACCA Lily R ステージXI
207285	WACCA Lily R ステージXII
207286	WACCA Lily R ステージXIII
207287	WACCA Lily R ステージXIV
207288	WACCA Lily R 紺レート
207289	WACCA Lily R 黄レート
207290	WACCA Lily R 赤レート
207291	WACCA Lily R 紫レート
207292	WACCA Lily R 青レート
207293	WACCA Lily R 銀レート
207294	WACCA Lily R 金レート
207295	WACCA Lily R 虹レート
207296	国立ノタリウム研究所
207297	トンネル
207298	果てしない
207299	大空へ
207300	神秘
207301	との
207302	邂逅
207303	生命
207304	音
207305	なだめスかし Negotiation
207306	非実在系女子たちはどうすりゃいいですか？
207308	ホイホイ☆幻想ホロイズム
207309	サクリファイス
207310	sister's noise
207311	ぺこみこ大戦争！！
207312	Say!ファンファーレ!
207313	NEXT COLOR PLANET
207314	夢見る空へ
207315	お願いマッスル
207316	マッチョアネーム？
207317	HELLO to DREAM
207318	over and over
207319	トロピカッ☆バケーション
207320	秒針を噛む
207321	ないものねだり
207322	HOT LIMIT
207323	キラメキライダー☆
207324	ガヴリールドロップキック
207325	This game
207326	RAGE OF DUST
207327	Make it！
207328	Make it！ (DJ Genki Remix)
207329	キラッとスタート
207330	キラッとスタート (USAO Remix)
207331	ハート♥イロ♥トリドリ〜ム
207332	ダダダダ天使
207333	青空のラプソディ
207334	Bravely You
207335	ぼなぺてぃーと♡S
207336	デタラメなマイナスとプラスにおけるブレンド考
207337	輪廻転生
207338	ストライク・ザ・ブラッド
207339	新宝島
207340	U.S.A.
207341	Shiny Smily Story
207342	Dream☆Story
207343	without U
207344	シャルル
207345	ドラマツルギー
207346	オドループ
207347	only my railgun
207348	にめんせい☆ウラオモテライフ!
207349	You Only Live Once
207350	残酷な天使のテーゼ
207351	ただ君に晴れ
207352	The Light
207353	AIAIAI (feat. 中田ヤスタカ)
207354	Hello, Morning
207355	Raise Your Heart!!
207356	SHINY DAYS
207357	EXCITE
207358	シュガーソングとビターステップ
207359	ファティマ
207360	回レ！雪月花
207361	ピースサイン
207362	徒花ネクロマンシー
207363	ようこそジャパリパークへ
207364	かくしん的☆めたまるふぉ～ぜっ!
207365	POP TEAM EPIC
207366	ファッとして桃源郷
207367	Nameless Story
207368	TOMORROW
207369	五等分の気持ち
207370	EZ DO DANCE -K.O.P. REMIX-
207371	ギミチョコ!!
207372	ウマーベラス
207373	バレリーコ
207374	フィクサー
207375	だれかの心臓になれたなら
207376	六兆年と一夜物語
207377	テレキャスタービーボーイ
207378	ワールドイズマイン
207379	進捗どうですか！
207380	ぼくらの16bit戦争
207381	隔絶≡タナトス
207382	アスノヨゾラ哨戒班
207383	ヒビカセ
207384	脳漿炸裂ガール
207385	ポジティブ☆ダンスタイム
207386	Gimme×Gimme feat. 初音ミク・鏡音リン
207387	39みゅーじっく！
207388	ブリキノダンス
207389	チュルリラ・チュルリラ・ダッダッダ！
207390	おばけのウケねらい
207391	ベノム
207392	リアル初音ミクの消失
207393	セツナトリップ
207394	カゲロウデイズ
207395	天ノ弱
207396	ゴーストルール
207397	ロストワンの号哭
207398	いーあるふぁんくらぶ
207399	初音ミクの消失
207400	劣等上等
207401	アカリがやってきたぞっ
207402	太陽系デスコ
207403	気まぐれメルシィ feat. 初音ミク
207404	幸せになれる隠しコマンドがあるらしい
207405	千本桜
207406	エイリアンエイリアン
207407	砂の惑星 feat. 初音ミク
207408	マトリョシカ
207409	Seyana. ～何でも言うことを聞いてくれるアカネチャン～
207410	フラジール
207411	ロキ
207412	ウミユリ海底譚
207413	スクランブル交際
207414	乙女解剖
207415	Scream out!
207416	Help me, ERINNNNNN!!
207417	進捗どうですか？
207418	Sweet Requiem
207419	明星ロケット
207420	ゆけむり魂温泉 II
207421	Calamity Fortune
207422	ケロ⑨Destiny
207423	風に乗せた願い
207424	LOVE EAST
207425	天狗の落とし文 feat. ytr
207426	神寂
207427	悪戯センセーション
207428	ナイト・オブ・ナイツ (かめりあ’s“ワンス・アポン・ア・ナイト”Remix)
207429	Mami Mami Zone
207430	チルノのパーフェクトさんすう教室
207431	待チ人ハ来ズ。
207432	taboo tears you up 2017
207433	Bad Apple!! feat. nomico
207434	ナイト・オブ・ナイツ
207435	WARNING×WARNING×WARNING
207436	シャカリキ・ファイト・ブンブン
207437	ニュー・ウェーブ
207438	ガンガン・ドンドン
207439	スマイル・アンド・ティアズ
207440	STILL HOT IN MY HEART
207441	Over the sweat and tears
207442	Singin'☆Shine！
207443	進捗WARS feat．ビートまりお
207444	MAGENTA POTION
207445	Apocalypse
207446	You are the Miserable
207447	Stasis
207448	Rainmaker
207449	Weg
207450	From Zero feat. 利香
207451	PRESS START!
207452	TWISTSTEP
207453	Future Cαndy
207454	Fish Fight!
207455	THERAPY
207456	グルーヴ・ザ・ハート
207457	Got more raves?
207458	Good Night, Bad Luck.
207459	Grayed Out-Antifront-
207460	インドア系ならトラックメイカー
207461	ダンシング☆サムライ
207462	WHITE
207463	Brain Power
207464	聖者の鼓動
207465	BUCHiGiRE Berserker
207466	君のStarlight Road
207467	FUJIN Rumble
207468	Eyes on me feat. Such
207469	GOODWORLD
207470	Altale
207471	ベースラインやってる？笑
207472	EU over Progress
207473	燐廻
207474	『エキセントリック少年ボウイ』のテーマ
207475	Jägermeister
207476	What's this?
207477	FREEDOM DiVE↓
207478	Honey Panic!
207479	Pixel Galaxy
207480	集結の華々
207481	conflict
207482	こんにちは、ARuFaです。
207483	ぼくの夢、メチャクソ無限湧き
207484	ゲームオーバー (feat. TORIENA)
207485	ルーンファクトリー４スペシャルより「この想いを乗せて」
207486	LIN NE KRO NE feat. Lasah
207487	Lhaksha
207488	フリーフォール
207489	猫娘
207490	QiXiN MAdN3ss 2153
207491	ARTEMiS
207492	with U
207493	Tell Me
207494	LETHAL;WEAPON
207495	THE MUZZLE FACING
207496	GASHATT
207497	Demon's Rave
207498	jacaranda
207499	CHECKER FLAG
207500	Stratoliner
207501	Utopia feat. shully
207502	Let you DIVE!
207503	SHAKE!
207504	ATAMA WARUI
207505	Megaton Killer
207506	DUAL BREAKER XX
207507	Liberate
207508	Animosity
207509	Big Bang
207510	恋メタル
207511	はげしこの夜 -Psylent Crazy Night-
207512	パニックポップ☆フェスティバル!!!
207513	Stasis feat.motoko -WACCA EDiT- 
207514	RAV#GIRL
207515	KALACAKLA
207516	Poppin' Shower
207517	While Shining feat.Yukacco
207518	ALiVE
207519	ONOMATO Pairing!!!
207520	SUPER REACTOR
207521	GENOCIDER
207522	ツアー・ファイナル
207523	Metamorphose
207524	MAGiC4LG1RL M3GA S7R1KE!
207525	METEOR BURST
207526	XTREME
207527	天使光輪
207528	Ultra Red
207529	サイクルヒット
207530	Strange Bar
207531	Murasaki
207532	Mazy Metroplex
207533	LOSE CONTROL
207534	†DOOF†SENC†
207535	Shiny Memory feat.Yukacco
207536	BLVST BEVT
207537	JINGLE DEATH
207538	Invisible Frenzy
207539	VOX Diamond
207540	Chariot
207541	Akareram
207542	Galaxy Friends
207543	13 Donkeys
207544	ADAM
207545	ATARAX1A
207546	HiGHER
207547	Source of Creation
207548	Exitium
207549	Blaze
207550	GRiDGALAXY
207551	Jingle
207552	BATTLE NO.1
207553	LEVATEiN feat. 野宮あゆみ
207554	BIG HEAD BANGING
207555	Knight Rider
207556	PARALLEL★PRISM
207557	Rainbow Dream
207558	Quon
207559	Poseidon
207560	HELL FLAME
207561	Gate One
207562	Over My Hand
207563	Are You Ready
207564	MEMORiZE
207565	illanai-assorted
207566	Sunshine
207567	BOOM! BOOM!! BOOM!!!
207568	Ever Free(Raw Edit)
207569	Try again
207570	BLUE SKY feat. 野宮あゆみ
207571	Sound Chimera
207572	Soldiers
207573	Fight for the CORE feat. Daisuke
207574	Shining Harmony
207575	患部で止まってすぐ溶ける ～ 狂気の優曇華院
207576	物凄い勢いでけーねが物凄いうた
207577	PUPA
207578	Destr0yer
207579	もぺもぺ
207580	Popping Happiness!
207581	Madwing
207582	TRICKL4SH 220
207583	チルノは覚醒サマーデイズ！
207584	エピクロスの虹はもう見えない
207585	ARROW RAIN feat.ayame
207586	四次元跳躍機関
207587	Destructive Little Sister
207588	運命を操る
207589	ありとあらゆるものを破壊する
207590	そーなのかー
207591	ねぇねぇ
207592	、
207593	今どんな気持ち？
207594	連休
207595	繋げるマン
207596	LOVE!HUG!GROOVY!!
207597	Dig Delight!
207598	電乱★カウントダウン
207599	Photon Melodies
207600	ぐるぐるDJ TURN!!
207601	やけにインザレイン feat. 小林私
207602	Traveller
207603	FLVSH OUT
207604	BSCS
207608	Night Club Junkie
207609	Cauliflower
207610	Purple Skies
207611	Happy Around!
207612	Peaky P-key
207613	Photon Maiden
207614	Dで
207615	始まる
207616	新世界
207617	ソロモン・ナイト
207618	cœur
207619	私はNo 1！
207620	Eternal Ending
207621	Lost Illusion
207622	EVE
207623	eden
207624	Silentphobia
207625	さんさーら！
207626	クロキッド
207627	ヴィスカー
207628	クラップ
207629	蔵王重工
207630	永遠
207631	結末
207632	失われた
207633	幻想
207634	禁断
207635	果実
207636	理想郷
207637	畏怖なる
207638	静寂
207639	笹
207640	食え
207641	2周年
207642	お祝い
307001	Avant Raze
307002	#1f1e33
307003	Arcahv
307004	最強STRONGER
307005	Sheriruth (Laur Remix)
307006	Let you DIVE! (nitro rmx)
307007	うっせぇわ
307008	Fam☆Fam☆Time!
307009	KING
307010	ダーリンダンス
307011	サマータイムレコード
307012	トリノコシティ
307013	Crime Wave
307014	Machinery of Avoid
307015	Datamania (tpz Overheat Remix)
307016	Ouvertüre
307017	Love Kills U
307018	超MANJIラッシュ
307019	Kira☆Kira☆Night
307020	YOG
307021	Meta-Mysteria
307022	透明声彩
307023	Fly to NEW WORLD
307024	叩ケ　叩ケ　手ェ叩ケ
307025	とんでもねぇ、
307026	待ってたんだ。
307027	ものすごく
307028	すごい
307029	姉妹
307030	ありがたいおことば
307031	譜面作る人しか取れない配置
307032	おじごろ
307033	食
307034	神
307035	あいつ
307036	ダイブ
307037	ダイエット
307038	必要？
307039	私の
307040	音を
307041	聞け！
307042	ぼく
307043	入りたいです
307044	目覚める
307045	食い気
307046	さあ
307047	出かけよう
307048	本当
307049	scary girl
307050	超
307051	ください！
307052	何もないところで
307053	なんでなんですか
307054	…
307055	…
307056	成分
307057	補給
307058	マフラー
307059	トカゲ
307060	筋肉
307061	解決しよう
307062	操られている
307063	大丈夫
307064	お肉
307065	特技
307066	音ゲーです。
307067	いつもより
307068	多く？
307069	戦う
307070	少年
307071	守る
307072	少女
307073	WACCA Reverse ステージI
307074	WACCA Reverse ステージII
307075	WACCA Reverse ステージIII
307076	WACCA Reverse ステージIV
307077	WACCA Reverse ステージV
307078	WACCA Reverse ステージVI
307079	WACCA Reverse ステージVII
307080	WACCA Reverse ステージVIII
307081	WACCA Reverse ステージIX
307082	WACCA Reverse ステージX
307083	WACCA Reverse ステージXI
307084	WACCA Reverse ステージXII
307085	WACCA Reverse ステージXIII
307086	WACCA Reverse ステージXIV
307087	WACCA Reverse 紺レート
307088	WACCA Reverse 黄レート
307089	WACCA Reverse 赤レート
307090	WACCA Reverse 紫レート
307091	WACCA Reverse 青レート
307092	WACCA Reverse 銀レート
307093	WACCA Reverse 金レート
307094	WACCA Reverse 虹レート
307095	精神と
307096	時の
307097	アレ
307098	背中
307099	任せた
307100	WACCA Reverse
307101	逆
307102	考えよう
307103	円の中
307104	三年
307105	急がば
307106	回せ
307107	回す門
307108	福来る
307109	輪に入っては
307110	輪に従え
307111	一級
307112	穴掘師
307113	溺れる
307114	回せば
307115	回すほど
307116	にじいろ
307117	ドーナツ
307118	表
307119	裏
307120	ハード
307121	コア
307122	新た
307123	存在
307124	敵か
307125	味方か
307126	ゾクゾク
307127	するねぇ
307128	激闘
307129	末
307130	強者
307131	魅入られる
307132	深淵
307133	触れし者
307134	光
307135	奏でる調和
307136	対立する
307137	極めし者
307138	輪術
307139	皆伝
307140	元帥
307141	修羅
307142	猛進
307143	国士
307144	無双
307145	Break Through Myself feat. Risa Yuzuki
307146	Chobit Flavor
307147	D3LTA QOMPLEX
307148	メニメニマニマニ
307149	ちがう!!!
307150	怪盗Fの台本（シナリオ）〜消えたダイヤの謎〜
307151	おねがいダーリン
307152	頼もしい
307153	仲間たち
307154	お金
307155	ない
307156	戦い
307157	一番
307158	あー
307159	忙しい忙しい
307160	ゼウス
307161	助けてくれー
307162	ありえない
307163	快感
307164	ゴリゴリ
307165	縦社会
307166	Requiem
307167	炉心融解
307168	ワールズエンド・ダンスホール
307169	∞(2018Remake)
307170	Lights of Muse
307171	The 90's Decision
307172	粉骨砕身カジノゥ
307173	恋のMoonlight
307174	Comet Coaster
307175	XODUS
307176	いたずら
307177	すんぞ
307178	闘神祭2021 予選出場！
307179	闘神祭2021 決勝出場！
307180	闘神 -2021-
307181	ベーシスト
307182	不良
307183	夢遊
307184	パイロット
307185	ジョーカー
307186	アイドル
307187	バイオリニスト
307188	メイド
307189	黒衣
307190	女王
307191	花たちに希望を
307192	NightTheater
307193	ヒトガタ
307194	DANGEROOOOUS JUNGLE
307195	Dimension Hacker
307196	EPHMR
307197	クリムゾン帝王
307198	メルト
307199	天樂
307200	吉原ラメント
307201	アゲナゲン
307202	ファムファタール
307203	cloud Ⅸ
307204	いつになく
307205	寒いな
307206	こたつ
307207	de
307208	福
307209	うち
307210	そんなに
307211	甘くない
307212	遊び
307213	嘘
307214	あってくれ
307215	五月病
307216	元凶
307217	願うだけ
307218	タダ
307219	儚き
307220	危険
307221	地帯
307222	次元
307223	超越者
307224	深紅
307225	帝王
307226	CENSORED!!
307227	Grip & Break down !!
307228	神
307229	Candy Star
307230	Onigami
307231	Invisible Frenzy (Camellia's "593: Insanely Fluctuated" Remix)
307232	GENOCIDER (Kobaryo's FTN-Remix)
307233	このまま
307234	最後まで！
307235	姉さま
307236	近づけさせないから！
307237	キミの
307238	力を
307239	見せてくれ！
307240	天下
307241	無双
307242	CENSORED!! ALL MARVELOUS!!
307243	Grip & Break down !! ALL MARVELOUS!!
307244	神 ALL MARVELOUS!!
307245	Möbius
307246	You & DIE
307247	Reach My Voice
307248	Ready Go feat. Yukacco
307249	Big Daddy
307250	N3XTAGE
307251	NIGHTWAVE FRAGMENTS
307252	GAKKY
307253	SUPER EMULATOR
307254	Brand New World feat. Yukacco
307255	T+ VS SHARK
307256	えくすとりーむ↑↑おんがくスクール feat. ななひら
307257	Avenue
307258	Middle
307259	Obtain An Unused Whale In The Abstract Sea
307260	EXTRA HARD
307261	Odin
307262	Viyella's Nightmare
307263	1BPM
307264	BPM=RT
307265	最先端坊将軍3
307266	We are the Massive New Krew (2020Edit)
307267	To the sky -wacca edit- feat.motoko
307268	Keep on Groovin' feat. mow*2
307269	Crush Out
307270	Everybody Say HARDCORE TANO*C
307271	Scramble TANO*C
307272	DIVE with Ü
